{
    "tool_name": "works_list",
    "details" : "The tool is designed to retrieve a list of work items based on specific criteria. This tool allows users to filter works by parts, created by particular users, associated with defined priorities, belonging to specific Rev organizations, owned by designated users, in particular stages, requiring a response, linked to Rev organizations, or exhibiting specified severities and source channels. Users can also limit the number of returned works. The tool accommodates an array of argument types, including arrays of strings for parts, created_by, issue.rev_orgs, owned_by, stage.name, ticket.rev_org, ticket.severity, ticket.source_channel, and type. Additionally, it supports boolean filtering for ticket.needs_response and integer-based limitation through the 'limit' argument. This tool proves versatile in managing and extracting relevant information from a pool of diverse work items, enhancing efficiency in tracking and organizing tasks, issues, and tickets within a specified context",
    "tool_description": "Returns a list of work items matching the request",
    "arguments": [
        {
            "arguments_name": "applies_to_part",
            "arguments_description": "Filters for work belonging to any of the provided parts",
            "arguments_type": "array of strings",
            "argument_value_example": ["FEAT-123", "ENH-123", "PROD-123", "CAPL-123"]
        },
        {
            "arguments_name": "created_by",
            "arguments_description": "Filters for work created by any of these users",
            "arguments_type": "array of strings",
            "argument_value_example": ["DEVU-123"]
        },
        {
            "arguments_name": "issue.priority",
            "arguments_description": "Filters for issues with any of the provided priorities. Allowed values: p0, p1, p2, p3",
            "arguments_type": "array of strings"
        },
        {
            "arguments_name": "issue.rev_orgs",
            "arguments_description": "Filters for issues with any of the provided Rev organizations",
            "arguments_type": "array of strings",
            "argument_value_example": ["REV-123"]
        },
        {
            "arguments_name": "limit",
            "arguments_description": "The maximum number of works to return. The default is '50'",
            "arguments_type": "integer (int32)"
        },
        {
            "arguments_name": "owned_by",
            "arguments_description": "Filters for work owned by any of these users",
            "arguments_type": "array of strings",
            "argument_value_example": ["DEVU-123"]
        },
        {
            "arguments_name": "stage.name",
            "arguments_description": "Filters for records in the provided stage(s) by name",
            "arguments_type": "array of strings"
        },
        {
            "arguments_name": "ticket.needs_response",
            "arguments_description": "Filters for tickets that need a response",
            "arguments_type": "boolean"
        },
        {
            "arguments_name": "ticket.rev_org",
            "arguments_description": "Filters for tickets associated with any of the provided Rev organizations",
            "arguments_type": "array of strings",
            "argument_value_example": ["REV-123"]
        },
        {
            "arguments_name": "ticket.severity",
            "arguments_description": "Filters for tickets with any of the provided severities. Allowed values: blocker, high,low, medium",
            "arguments_type": "array of strings"
        },
        {
            "arguments_name": "ticket.source_channel",
            "arguments_description": "Filters for tickets with any of the provided source channels",
            "arguments_type": "array of strings"
        },
        {
            "arguments_name": "type",
            "arguments_description": "Filters for work of the provided types. Allowed values: issue, ticket, task",
            "arguments_type": "array of strings"
        }
    ]
}
